source	url_id	spec_label	strategy	budget_s	status_batch3	status_batch2	clean_rounds	refused_all_rounds	any_refusal	refusal_class	median_wall_s	median_wall_batch2_s	median_area	median_overshoot_s	median_alns_evaluations	median_budget_unspent_s	median_belt_tiles	median_direct_inserts	machines	groups	strips	recipes	distinct_items	max_ingredients_per_strip	mean_ingredients_per_strip	coaters	items_above_one_belt	both_fed_items	chain_depth	max_spread	sum_spread	max_consumers	items_with_3plus_consumers	proliferator_consumers	proliferator_span	proliferator_spread	max_live_range	sum_live_range	items_live_range_ge3	max_pressure	max_lane_pressure	sum_pressure	lane_pressure_per_strip	max_pressure_no_spray	max_lane_pressure_no_spray	proliferator_live_range
corpus	casimir-crystal	all-products	freeform	30.0	CLEAN/CLEAN/CLEAN	CLEAN/CLEAN/CLEAN	3	0	0	clean	10.243	12.236	1161.0	0.0	9.0	0.0	494.0	0.0	17	5	5	5	11	3	1.8	9	0	0	2	0	0	1	0	9	2	18	2	10	0	6	6	10	1.2	5	5	2
corpus	casimir-crystal	all-products	sequence-pair	30.0	CLEAN/CLEAN/CLEAN	CLEAN/CLEAN/CLEAN	3	0	0	clean	29.27	28.903	1100.0	0.0	11.0	0.0	583.0	0.0	17	5	5	5	11	3	1.8	9	0	0	2	0	0	1	0	9	2	18	2	10	0	6	6	10	1.2	5	5	2
corpus	casimir-crystal	no-proliferator	freeform	30.0	CLEAN/CLEAN/CLEAN	CLEAN/CLEAN/CLEAN	3	0	0	clean	4.223	4.744	1107.0	0.0	10.0	0.0	398.0	0.0	23	5	5	5	10	3	1.8	0	0	0	2	0	0	1	0	0	0	0	2	8	0	5	5	8	1.0	5	5	0
corpus	casimir-crystal	no-proliferator	sequence-pair	30.0	CLEAN/CLEAN/CLEAN	CLEAN/CLEAN/CLEAN	3	0	0	clean	31.275	31.222	1092.0	0.0	44.0	0.0	411.0	0.0	23	5	5	5	10	3	1.8	0	0	0	2	0	0	1	0	0	0	0	2	8	0	5	5	8	1.0	5	5	0
corpus	casimir-crystal	output-products	freeform	30.0	CLEAN/CLEAN/CLEAN	CLEAN/CLEAN/CLEAN	3	0	0	clean	10.473	8.797	1100.0	0.0	11.0	0.0	437.0	0.0	21	5	5	5	11	3	1.8	3	0	0	2	0	0	1	0	3	0	0	2	10	0	6	6	10	1.2	5	5	2
corpus	casimir-crystal	output-products	sequence-pair	30.0	CLEAN/CLEAN/CLEAN	CLEAN/CLEAN/CLEAN	3	0	0	clean	29.712	29.737	1100.0	0.0	21.0	0.0	437.0	0.0	21	5	5	5	11	3	1.8	3	0	0	2	0	0	1	0	3	0	0	2	10	0	6	6	10	1.2	5	5	2
corpus	electromagnetic-matrix	all-products	freeform	30.0	CLEAN/CLEAN/CLEAN	CLEAN/CLEAN/CLEAN	3	0	0	clean	11.617	12.624	756.0	0.0	10.0	0.0	400.0	0.0	8	6	6	6	9	2	1.5	7	0	0	2	0	0	2	0	7	2	14	2	7	0	4	4	7	0.6667	3	3	2
corpus	electromagnetic-matrix	all-products	sequence-pair	30.0	CLEAN/CLEAN/CLEAN	CLEAN/CLEAN/CLEAN	3	0	0	clean	29.269	29.632	841.0	0.0	11.0	0.0	409.0	0.0	8	6	6	6	9	2	1.5	7	0	0	2	0	0	2	0	7	2	14	2	7	0	4	4	7	0.6667	3	3	2
corpus	electromagnetic-matrix	no-proliferator	freeform	30.0	CLEAN/CLEAN/CLEAN	CLEAN/CLEAN/CLEAN	3	0	0	clean	2.088	1.921	609.0	0.0	9.0	0.0	166.0	0.0	9	6	6	6	8	2	1.5	0	0	0	2	0	0	2	0	0	0	0	1	5	0	3	3	5	0.5	3	3	0
corpus	electromagnetic-matrix	no-proliferator	sequence-pair	30.0	CLEAN/CLEAN/CLEAN	CLEAN/CLEAN/CLEAN	3	0	0	clean	31.21	31.24	504.0	0.0	78.0	0.0	176.0	0.0	9	6	6	6	8	2	1.5	0	0	0	2	0	0	2	0	0	0	0	1	5	0	3	3	5	0.5	3	3	0
corpus	electromagnetic-matrix	output-products	freeform	30.0	CLEAN/CLEAN/CLEAN	CLEAN/CLEAN/CLEAN	3	0	0	clean	3.201	3.436	576.0	0.0	8.0	0.0	220.0	0.0	9	6	6	6	9	2	1.5	2	0	0	2	0	0	2	0	2	0	0	2	7	0	4	4	7	0.6667	3	3	2
corpus	electromagnetic-matrix	output-products	sequence-pair	30.0	CLEAN/CLEAN/CLEAN	CLEAN/CLEAN/CLEAN	3	0	0	clean	30.136	29.984	576.0	0.0	34.0	0.0	223.0	0.0	9	6	6	6	9	2	1.5	2	0	0	2	0	0	2	0	2	0	0	2	7	0	4	4	7	0.6667	3	3	2
corpus	energy-matrix	all-products	freeform	30.0	CLEAN/CLEAN/CLEAN	CLEAN/CLEAN/CLEAN	3	0	0	clean	2.434	2.126	742.0	0.0	5.0	0.0	280.0	0.0	8	2	2	2	5	2	1.5	3	0	0	1	0	0	1	0	3	1	3	1	3	0	3	3	3	1.5	2	2	1
corpus	energy-matrix	all-products	sequence-pair	30.0	CLEAN/CLEAN/CLEAN	CLEAN/CLEAN/CLEAN	3	0	0	clean	30.524	30.635	756.0	0.0	55.0	0.0	284.0	0.0	8	2	2	2	5	2	1.5	3	0	0	1	0	0	1	0	3	1	3	1	3	0	3	3	3	1.5	2	2	1
corpus	energy-matrix	no-proliferator	freeform	30.0	CLEAN/CLEAN/CLEAN	CLEAN/CLEAN/CLEAN	3	0	0	clean	0.964	1.025	616.0	0.0	5.0	0.0	139.0	0.0	10	2	2	2	4	2	1.5	0	0	0	1	0	0	1	0	0	0	0	1	2	0	2	2	2	1.0	2	2	0
corpus	energy-matrix	no-proliferator	sequence-pair	30.0	CLEAN/CLEAN/CLEAN	CLEAN/CLEAN/CLEAN	3	0	0	clean	31.247	31.311	504.0	0.0	102.0	0.0	154.0	0.0	10	2	2	2	4	2	1.5	0	0	0	1	0	0	1	0	0	0	0	1	2	0	2	2	2	1.0	2	2	0
corpus	energy-matrix	output-products	freeform	30.0	CLEAN/CLEAN/CLEAN	CLEAN/CLEAN/CLEAN	3	0	0	clean	1.907	2.014	572.0	0.0	5.0	0.0	183.0	0.0	9	2	2	2	5	2	1.5	2	0	0	1	0	0	1	0	2	0	0	1	3	0	3	3	3	1.5	2	2	1
corpus	energy-matrix	output-products	sequence-pair	30.0	CLEAN/CLEAN/CLEAN	CLEAN/CLEAN/CLEAN	3	0	0	clean	30.964	31.107	572.0	0.0	66.0	0.0	183.0	0.0	9	2	2	2	5	2	1.5	2	0	0	1	0	0	1	0	2	0	0	1	3	0	3	3	3	1.5	2	2	1
corpus	graphene	all-products	freeform	30.0	CLEAN/CLEAN/CLEAN	CLEAN/CLEAN/CLEAN	3	0	0	clean	2.217	2.331	504.0	0.0	5.0	0.0	196.0	0.0	4	2	2	2	5	2	1.5	3	0	0	1	0	0	1	0	3	1	3	1	3	0	3	3	3	1.5	2	2	1
corpus	graphene	all-products	sequence-pair	30.0	CLEAN/CLEAN/CLEAN	CLEAN/CLEAN/CLEAN	3	0	0	clean	30.686	30.799	518.0	0.0	65.0	0.0	198.0	0.0	4	2	2	2	5	2	1.5	3	0	0	1	0	0	1	0	3	1	3	1	3	0	3	3	3	1.5	2	2	1
corpus	graphene	no-proliferator	freeform	30.0	CLEAN/CLEAN/CLEAN	CLEAN/CLEAN/CLEAN	3	0	0	clean	0.907	0.878	363.0	0.0	5.0	0.0	70.0	0.0	5	2	2	2	4	2	1.5	0	0	0	1	0	0	1	0	0	0	0	1	2	0	2	2	2	1.0	2	2	0
corpus	graphene	no-proliferator	sequence-pair	30.0	CLEAN/CLEAN/CLEAN	CLEAN/CLEAN/CLEAN	3	0	0	clean	26.195	26.658	363.0	0.0	110.0	0.0	69.0	0.0	5	2	2	2	4	2	1.5	0	0	0	1	0	0	1	0	0	0	0	1	2	0	2	2	2	1.0	2	2	0
corpus	graphene	output-products	freeform	30.0	CLEAN/CLEAN/CLEAN	CLEAN/CLEAN/CLEAN	3	0	0	clean	1.849	1.828	420.0	0.0	5.0	0.0	128.0	0.0	5	2	2	2	5	2	1.5	2	0	0	1	0	0	1	0	2	0	0	1	3	0	3	3	3	1.5	2	2	1
corpus	graphene	output-products	sequence-pair	30.0	CLEAN/CLEAN/CLEAN	CLEAN/CLEAN/CLEAN	3	0	0	clean	30.862	30.786	420.0	0.0	76.0	0.0	126.0	0.0	5	2	2	2	5	2	1.5	2	0	0	1	0	0	1	0	2	0	0	1	3	0	3	3	3	1.5	2	2	1
corpus	information-matrix	all-products	freeform	30.0	CLEAN/CLEAN/CLEAN	CLEAN/CLEAN/CLEAN	3	0	0	clean	29.54	28.965	4760.0	0.0	10.0	1.187	2704.0	0.0	56	15	17	15	24	3	1.5882	21	0	0	4	0	0	2	0	21	4	84	4	23	1	8	8	23	0.4706	7	7	4
corpus	information-matrix	all-products	sequence-pair	30.0	CLEAN/CLEAN/CLEAN	CLEAN/CLEAN/CLEAN	3	0	0	clean	26.717	26.975	3944.0	0.0	4.0	0.0	2362.0	0.0	56	15	17	15	24	3	1.5882	21	0	0	4	0	0	2	0	21	4	84	4	23	1	8	8	23	0.4706	7	7	4
corpus	information-matrix	no-proliferator	freeform	30.0	CLEAN/CLEAN/CLEAN	CLEAN/CLEAN/CLEAN	3	0	0	clean	12.521	13.849	7917.0	0.0	5.0	0.0	3442.0	0.0	97	15	22	15	23	3	1.5909	0	0	0	4	0	0	2	0	0	0	0	2	19	0	7	7	19	0.3182	7	7	0
corpus	information-matrix	no-proliferator	sequence-pair	30.0	CLEAN/CLEAN/CLEAN	CLEAN/CLEAN/CLEAN	3	0	0	clean	28.583	29.161	4560.0	0.0	5.0	0.0	2862.0	0.0	97	15	22	15	23	3	1.5909	0	0	0	4	0	0	2	0	0	0	0	2	19	0	7	7	19	0.3182	7	7	0
corpus	information-matrix	output-products	freeform	30.0	CLEAN/CLEAN/CLEAN	CLEAN/CLEAN/CLEAN	3	0	0	clean	26.175	27.122	5434.0	0.0	9.0	0.0	3291.0	0.0	84	15	21	15	24	3	1.619	2	0	0	4	0	0	2	0	2	0	0	4	23	1	8	8	23	0.381	7	7	4
corpus	information-matrix	output-products	sequence-pair	30.0	CLEAN/CLEAN/CLEAN	CLEAN/CLEAN/CLEAN	3	0	0	clean	27.249	27.91	4905.0	0.0	5.0	0.0	2739.0	0.0	84	15	21	15	24	3	1.619	2	0	0	4	0	0	2	0	2	0	0	4	23	1	8	8	23	0.381	7	7	4
corpus	iron-ingot	all-products	freeform	30.0	CLEAN/CLEAN/CLEAN	CLEAN/CLEAN/CLEAN	3	0	0	clean	0.91	0.822	104.0	0.0	3.0	0.0	29.0	0.0	1	1	1	1	3	1	1.0	1	0	0	0	0	0	1	0	1	0	0	0	0	0	0	0	0	0.0	0	0	0
corpus	iron-ingot	all-products	sequence-pair	30.0	CLEAN/CLEAN/CLEAN	CLEAN/CLEAN/CLEAN	3	0	0	clean	21.701	22.448	104.0	0.0	55.0	0.0	29.0	0.0	1	1	1	1	3	1	1.0	1	0	0	0	0	0	1	0	1	0	0	0	0	0	0	0	0	0.0	0	0	0
corpus	iron-ingot	no-proliferator	freeform	30.0	CLEAN/CLEAN/CLEAN	CLEAN/CLEAN/CLEAN	3	0	0	clean	0.221	0.231	63.0	0.0	3.0	0.0	10.0	0.0	1	1	1	1	2	1	1.0	0	0	0	0	0	0	1	0	0	0	0	0	0	0	0	0	0	0.0	0	0	0
corpus	iron-ingot	no-proliferator	sequence-pair	30.0	CLEAN/CLEAN/CLEAN	CLEAN/CLEAN/CLEAN	3	0	0	clean	9.415	9.953	63.0	0.0	55.0	0.0	10.0	0.0	1	1	1	1	2	1	1.0	0	0	0	0	0	0	1	0	0	0	0	0	0	0	0	0	0	0.0	0	0	0
corpus	iron-ingot	output-products	freeform	30.0	CLEAN/CLEAN/CLEAN	CLEAN/CLEAN/CLEAN	3	0	0	clean	0.777	0.911	104.0	0.0	3.0	0.0	29.0	0.0	1	1	1	1	3	1	1.0	1	0	0	0	0	0	1	0	1	0	0	0	0	0	0	0	0	0.0	0	0	0
corpus	iron-ingot	output-products	sequence-pair	30.0	CLEAN/CLEAN/CLEAN	CLEAN/CLEAN/CLEAN	3	0	0	clean	20.956	22.696	104.0	0.0	55.0	0.0	29.0	0.0	1	1	1	1	3	1	1.0	1	0	0	0	0	0	1	0	1	0	0	0	0	0	0	0	0	0.0	0	0	0
corpus	magnetic-coil	all-products	freeform	30.0	CLEAN/CLEAN/CLEAN	CLEAN/CLEAN/CLEAN	3	0	0	clean	4.666	3.662	323.0	0.0	9.0	0.0	134.0	0.0	3	3	3	3	6	2	1.3333	4	0	0	1	0	0	1	0	4	1	4	1	3	0	3	3	3	1.0	2	2	1
corpus	magnetic-coil	all-products	sequence-pair	30.0	CLEAN/CLEAN/CLEAN	CLEAN/CLEAN/CLEAN	3	0	0	clean	30.513	30.672	342.0	0.0	60.0	0.0	136.0	0.0	3	3	3	3	6	2	1.3333	4	0	0	1	0	0	1	0	4	1	4	1	3	0	3	3	3	1.0	2	2	1
corpus	magnetic-coil	no-proliferator	freeform	30.0	CLEAN/CLEAN/CLEAN	CLEAN/CLEAN/CLEAN	3	0	0	clean	0.665	0.632	198.0	0.0	4.0	0.0	50.0	0.0	4	3	3	3	5	2	1.3333	0	0	0	1	0	0	1	0	0	0	0	1	2	0	2	2	2	0.6667	2	2	0
corpus	magnetic-coil	no-proliferator	sequence-pair	30.0	CLEAN/CLEAN/CLEAN	CLEAN/CLEAN/CLEAN	3	0	0	clean	19.768	20.8	230.0	0.0	77.0	0.0	51.0	0.0	4	3	3	3	5	2	1.3333	0	0	0	1	0	0	1	0	0	0	0	1	2	0	2	2	2	0.6667	2	2	0
corpus	magnetic-coil	output-products	freeform	30.0	CLEAN/CLEAN/CLEAN	CLEAN/CLEAN/CLEAN	3	0	0	clean	1.683	1.919	285.0	0.0	7.0	0.0	88.0	0.0	4	3	3	3	6	2	1.3333	2	0	0	1	0	0	1	0	2	0	0	1	3	0	3	3	3	1.0	2	2	1
corpus	magnetic-coil	output-products	sequence-pair	30.0	CLEAN/CLEAN/CLEAN	CLEAN/CLEAN/CLEAN	3	0	0	clean	30.577	30.562	299.0	0.0	69.0	0.0	102.0	0.0	4	3	3	3	6	2	1.3333	2	0	0	1	0	0	1	0	2	0	0	1	3	0	3	3	3	1.0	2	2	1
corpus	plastic	all-products	freeform	30.0	CLEAN/CLEAN/CLEAN	CLEAN/CLEAN/CLEAN	3	0	0	clean	6.377	6.419	850.0	0.0	7.0	0.0	264.0	0.0	8	3	3	3	7	2	1.3333	4	0	0	1	0	0	1	0	4	1	4	1	3	0	3	3	3	1.0	2	2	1
corpus	plastic	all-products	sequence-pair	30.0	CLEAN/CLEAN/CLEAN	CLEAN/CLEAN/CLEAN	3	0	0	clean	29.687	29.393	850.0	0.0	22.0	0.0	262.0	0.0	8	3	3	3	7	2	1.3333	4	0	0	1	0	0	1	0	4	1	4	1	3	0	3	3	3	1.0	2	2	1
corpus	plastic	no-proliferator	freeform	30.0	CLEAN/CLEAN/CLEAN	CLEAN/CLEAN/CLEAN	3	0	0	clean	1.758	1.86	760.0	0.0	7.0	0.0	198.0	0.0	9	3	3	3	6	2	1.3333	0	0	0	1	0	0	1	0	0	0	0	1	2	0	2	2	2	0.6667	2	2	0
corpus	plastic	no-proliferator	sequence-pair	30.0	CLEAN/CLEAN/CLEAN	CLEAN/CLEAN/CLEAN	3	0	0	clean	31.177	31.357	684.0	0.0	78.0	0.0	197.0	0.0	9	3	3	3	6	2	1.3333	0	0	0	1	0	0	1	0	0	0	0	1	2	0	2	2	2	0.6667	2	2	0
corpus	plastic	output-products	freeform	30.0	CLEAN/CLEAN/CLEAN	CLEAN/CLEAN/CLEAN	3	0	0	clean	4.42	5.479	800.0	0.0	6.0	0.0	256.0	0.0	9	3	3	3	7	2	1.3333	2	0	0	1	0	0	1	0	2	0	0	1	3	0	3	3	3	1.0	2	2	1
corpus	plastic	output-products	sequence-pair	30.0	CLEAN/CLEAN/CLEAN	CLEAN/CLEAN/CLEAN	3	0	0	clean	30.195	30.021	800.0	0.0	39.0	0.0	260.0	0.0	9	3	3	3	7	2	1.3333	2	0	0	1	0	0	1	0	2	0	0	1	3	0	3	3	3	1.0	2	2	1
corpus	processor	all-products	freeform	30.0	CLEAN/CLEAN/CLEAN	CLEAN/CLEAN/CLEAN	3	0	0	clean	12.128	11.598	918.0	0.0	10.0	0.0	551.0	0.0	16	6	6	6	10	2	1.5	8	0	0	2	0	0	2	0	8	2	16	2	7	0	4	4	7	0.6667	3	3	2
corpus	processor	all-products	sequence-pair	30.0	CLEAN/CLEAN/CLEAN	CLEAN/CLEAN/CLEAN	3	0	0	clean	29.026	28.667	918.0	0.0	9.0	0.0	516.0	0.0	16	6	6	6	10	2	1.5	8	0	0	2	0	0	2	0	8	2	16	2	7	0	4	4	7	0.6667	3	3	2
corpus	processor	no-proliferator	freeform	30.0	CLEAN/CLEAN/CLEAN	CLEAN/CLEAN/CLEAN	3	0	0	clean	4.703	5.741	810.0	0.0	12.0	0.0	271.0	0.0	21	6	7	6	9	2	1.4286	0	0	0	2	0	0	2	0	0	0	0	1	5	0	3	3	5	0.4286	3	3	0
corpus	processor	no-proliferator	sequence-pair	30.0	CLEAN/CLEAN/CLEAN	CLEAN/CLEAN/CLEAN	3	0	0	clean	31.173	31.095	810.0	0.0	55.0	0.0	297.0	0.0	21	6	7	6	9	2	1.4286	0	0	0	2	0	0	2	0	0	0	0	1	5	0	3	3	5	0.4286	3	3	0
corpus	processor	output-products	freeform	30.0	CLEAN/CLEAN/CLEAN	CLEAN/CLEAN/CLEAN	3	0	0	clean	6.709	7.665	896.0	0.0	10.0	0.0	372.0	0.0	20	6	7	6	10	2	1.4286	2	0	0	2	0	0	2	0	2	0	0	2	7	0	4	4	7	0.5714	3	3	2
corpus	processor	output-products	sequence-pair	30.0	CLEAN/CLEAN/CLEAN	CLEAN/CLEAN/CLEAN	3	0	0	clean	30.237	30.205	810.0	0.0	27.0	0.0	374.0	0.0	20	6	7	6	10	2	1.4286	2	0	0	2	0	0	2	0	2	0	0	2	7	0	4	4	7	0.5714	3	3	2
corpus	quantum-chip	all-products	freeform	30.0	CLEAN/CLEAN/CLEAN	CLEAN/CLEAN/CLEAN	3	0	0	clean	27.969	28.923	3825.0	0.0	11.0	2.793	2358.0	0.0	49	15	16	15	26	3	1.75	24	0	0	4	0	0	2	0	24	4	96	4	25	1	11	11	25	0.6875	10	10	4
corpus	quantum-chip	all-products	sequence-pair	30.0	CLEAN/CLEAN/CLEAN	CLEAN/CLEAN/CLEAN	3	0	0	clean	25.799	26.247	3300.0	0.0	5.0	0.0	2129.0	0.0	49	15	16	15	26	3	1.75	24	0	0	4	0	0	2	0	24	4	96	4	25	1	11	11	25	0.6875	10	10	4
corpus	quantum-chip	no-proliferator	freeform	30.0	CLEAN/CLEAN/CLEAN	CLEAN/CLEAN/CLEAN	3	0	0	clean	9.267	11.174	5610.0	0.0	5.0	0.0	2142.0	0.0	87	15	20	15	25	3	1.75	0	0	0	4	0	0	2	0	0	0	0	2	21	0	10	10	21	0.5	10	10	0
corpus	quantum-chip	no-proliferator	sequence-pair	30.0	CLEAN/CLEAN/CLEAN	CLEAN/CLEAN/CLEAN	3	0	0	clean	29.981	29.862	3692.0	0.0	7.0	0.0	2059.0	0.0	87	15	20	15	25	3	1.75	0	0	0	4	0	0	2	0	0	0	0	2	21	0	10	10	21	0.5	10	10	0
corpus	quantum-chip	output-products	freeform	30.0	CLEAN/CLEAN/CLEAN	CLEAN/CLEAN/CLEAN	3	0	0	clean	16.993	18.212	4290.0	0.0	10.0	0.0	1836.0	0.0	76	15	19	15	26	3	1.6842	2	0	0	4	0	0	2	0	2	0	0	4	25	1	11	11	25	0.5789	10	10	4
corpus	quantum-chip	output-products	sequence-pair	30.0	CLEAN/CLEAN/CLEAN	CLEAN/CLEAN/CLEAN	3	0	0	clean	31.447	29.877	3280.0	0.0	10.0	0.0	1945.0	0.0	76	15	19	15	26	3	1.6842	2	0	0	4	0	0	2	0	2	0	0	4	25	1	11	11	25	0.5789	10	10	4
corpus	super-magnetic-ring	all-products	freeform	30.0	CLEAN/CLEAN/CLEAN	CLEAN/CLEAN/CLEAN	3	0	0	clean	27.216	27.989	1880.0	0.0	10.0	2.996	1230.0	0.0	35	9	10	9	13	3	1.6	11	0	0	4	6	10	2	0	11	4	44	4	20	3	6	6	20	0.6	5	5	4
corpus	super-magnetic-ring	all-products	sequence-pair	30.0	CLEAN/CLEAN/CLEAN	CLEAN/CLEAN/CLEAN	3	0	0	clean	28.889	29.512	1886.0	0.0	9.0	0.0	1194.0	0.0	35	9	10	9	13	3	1.6	11	0	0	4	6	10	2	0	11	4	44	4	20	3	6	6	20	0.6	5	5	4
corpus	super-magnetic-ring	no-proliferator	freeform	30.0	CLEAN/CLEAN/CLEAN	CLEAN/CLEAN/CLEAN	3	0	0	clean	27.627	28.743	2183.0	0.0	9.0	2.581	1214.0	0.0	58	9	13	9	12	3	1.6154	0	0	0	4	6	10	2	0	0	0	0	4	16	2	5	5	16	0.3846	5	5	0
corpus	super-magnetic-ring	no-proliferator	sequence-pair	30.0	CLEAN/CLEAN/CLEAN	CLEAN/CLEAN/CLEAN	3	0	0	clean	29.438	29.358	2294.0	0.0	9.0	0.0	1281.0	0.0	58	9	13	9	12	3	1.6154	0	0	0	4	6	10	2	0	0	0	0	4	16	2	5	5	16	0.3846	5	5	0
corpus	super-magnetic-ring	output-products	freeform	30.0	CLEAN/CLEAN/CLEAN	CLEAN/CLEAN/CLEAN	3	0	0	clean	28.346	29.186	2052.0	0.0	9.0	1.943	1258.0	0.0	52	9	13	9	13	3	1.6154	3	0	0	4	6	10	2	0	3	3	9	4	20	3	6	6	20	0.4615	5	5	4
corpus	super-magnetic-ring	output-products	sequence-pair	30.0	CLEAN/CLEAN/CLEAN	CLEAN/CLEAN/CLEAN	3	0	0	clean	29.463	28.952	2016.0	0.0	12.0	0.0	1329.0	0.0	52	9	13	9	13	3	1.6154	3	0	0	4	6	10	2	0	3	3	9	4	20	3	6	6	20	0.4615	5	5	4
corpus	universe-matrix	all-products	freeform	30.0	CLEAN/CLEAN/CLEAN	CLEAN/CLEAN/CLEAN	3	0	0	clean	27.705	26.529	29744.0	0.0	3.0	6.566	15046.0	0.0	113	38	46	38	50	6	1.8478	47	0	2	8	16	52	4	7	47	8	376	8	98	12	18	18	98	0.3913	17	17	8
corpus	universe-matrix	all-products	sequence-pair	30.0	CLEAN/REFUSED/CLEAN	CLEAN/REFUSED/CLEAN	2	0	1	island-deadline	32.187	33.448	28242.5	0.0	3.0	0.0	14434.0	0.0	113	38	46	38	50	6	1.8478	47	0	2	8	16	52	4	7	47	8	376	8	98	12	18	18	98	0.3913	17	17	8
corpus	universe-matrix	no-proliferator	freeform	30.0	CLEAN/CLEAN/CLEAN	CLEAN/CLEAN/CLEAN	3	0	0	clean	31.863	33.019	31898.0	0.0	4.0	1.839	11238.0	0.0	224	38	57	38	49	6	1.8421	0	1	1	8	16	52	4	7	0	0	0	7	90	11	17	17	90	0.2982	17	17	0
corpus	universe-matrix	no-proliferator	sequence-pair	30.0	CLEAN/CLEAN/CLEAN	CLEAN/CLEAN/CLEAN	3	0	0	clean	31.9	33.017	17836.0	0.0	4.0	0.0	9401.0	0.0	224	38	57	38	49	6	1.8421	0	1	1	8	16	52	4	7	0	0	0	7	90	11	17	17	90	0.2982	17	17	0
corpus	universe-matrix	output-products	freeform	30.0	CLEAN/CLEAN/CLEAN	CLEAN/CLEAN/CLEAN	3	0	0	clean	28.5	30.804	22464.0	0.0	6.0	4.677	10588.0	0.0	193	38	53	38	50	6	1.8113	6	0	1	8	16	52	4	7	6	0	0	8	98	12	18	18	98	0.3396	17	17	8
corpus	universe-matrix	output-products	sequence-pair	30.0	CLEAN/CLEAN/CLEAN	CLEAN/CLEAN/CLEAN	3	0	0	clean	30.95	32.013	16340.0	0.0	5.0	0.0	8873.0	0.0	193	38	53	38	50	6	1.8113	6	0	1	8	16	52	4	7	6	0	0	8	98	12	18	18	98	0.3396	17	17	8
large	belt3	all-products	freeform	80.0	CLEAN/CLEAN	CLEAN/CLEAN	2	0	0	clean	44.828	46.888	14430.0		11.0		8065.0		280	13	52	13	19	3	1.6154	12	4	0	5	6	11	3	1	12	4	48	5	29	4	7	11	29	0.2115	6	10	4
large	belt3	all-products	sequence-pair	80.0	CLEAN/CLEAN	CLEAN/CLEAN	2	0	0	clean	71.954	68.121	13235.0		4.0		7733.0		280	13	52	13	19	3	1.6154	12	4	0	5	6	11	3	1	12	4	48	5	29	4	7	11	29	0.2115	6	10	4
large	belt3	no-proliferator	freeform	80.0	REFUSED/REFUSED	REFUSED/REFUSED	0	1	1	pack-unwirable	42.806	45.419			0.0		0.0		537	13	90	13	18	3	1.5111	0	8	0	5	6	11	3	1	0	0	0	5	25	3	6	15	25	0.1667	6	15	0
large	belt3	no-proliferator	sequence-pair	80.0	REFUSED/REFUSED	REFUSED/REFUSED	0	1	1	island-deadline+belt-capacity	73.286	69.331			0.0		0.0		537	13	90	13	18	3	1.5111	0	8	0	5	6	11	3	1	0	0	0	5	25	3	6	15	25	0.1667	6	15	0
large	mall	all-products	freeform	80.0	REFUSED/REFUSED	REFUSED/REFUSED	0	1	1	pack-unwirable	31.512	32.35			0.0		0.0		449	33	95	33	43	5	1.7474	31	4	0	5	14	67	7	9	31	5	155	5	65	10	16	20	65	0.2105	15	19	5
large	mall	all-products	sequence-pair	80.0	REFUSED/REFUSED	REFUSED/REFUSED	0	1	1	island-deadline	64.101	68.99			0.0		0.0		449	33	95	33	43	5	1.7474	31	4	0	5	14	67	7	9	31	5	155	5	65	10	16	20	65	0.2105	15	19	5
large	mall	no-proliferator	freeform	80.0	REFUSED/REFUSED	REFUSED/REFUSED	0	1	1	pack-never-produced	0.578	0.621			0.0		0.0		935	33	178	33	42	5	1.573	0	9	0	5	14	67	7	9	0	0	0	5	60	9	15	25	60	0.1404	15	25	0
large	mall	no-proliferator	sequence-pair	80.0	REFUSED/REFUSED	REFUSED/REFUSED	0	1	1	island-deadline+belt-capacity	72.799	61.231			0.0		0.0		935	33	178	33	42	5	1.573	0	9	0	5	14	67	7	9	0	0	0	5	60	9	15	25	60	0.1404	15	25	0
large	zurl2	all-products	freeform	80.0	REFUSED/REFUSED	REFUSED/REFUSED	0	1	1	validator-belt-capacity	72.403	76.829			0.0		0.0		436	32	85	32	46	5	1.7882	38	4	1	5	12	41	6	5	38	5	190	5	73	8	20	24	73	0.2824	19	23	5
large	zurl2	all-products	sequence-pair	80.0	CLEAN/CLEAN	REFUSED/REFUSED	2	0	1	clean	68.894	58.995	41580.0		4.0		23126.0		436	32	85	32	46	5	1.7882	38	4	1	5	12	41	6	5	38	5	190	5	73	8	20	24	73	0.2824	19	23	5
large	zurl2	no-proliferator	freeform	80.0	REFUSED/REFUSED	REFUSED/REFUSED	0	1	1	pack-never-produced	0.511	0.672			0.0		0.0		868	32	160	32	45	5	1.6313	0	9	1	5	12	41	6	5	0	0	0	5	68	7	19	30	68	0.1875	19	30	0
large	zurl2	no-proliferator	sequence-pair	80.0	REFUSED/REFUSED	REFUSED/REFUSED	0	1	1	island-deadline+belt-capacity	70.991	65.998			0.0		0.0		868	32	160	32	45	5	1.6313	0	9	1	5	12	41	6	5	0	0	0	5	68	7	19	30	68	0.1875	19	30	0
